{
  "version": 2,
  "functions": {
    "api/index.php": {
      "runtime": "vercel-php@0.7.1"
    }
  },
  "routes": [
    {
      "src": "/img/(.*)",
      "dest": "/public/admin_assets/img/$1"
    },
    {
      "src": "/(.*)",
      "dest": "/api/index.php"
    }
  ],
  "public": true,
  "env": {
    "APP_ENV": "production",
    "APP_DEBUG": "true",
    "APP_URL": "https://nettrackerapp.vercel.app",
    "APP_CONFIG_CACHE": "/tmp/config.php",
    "APP_EVENTS_CACHE": "/tmp/events.php",
    "APP_PACKAGES_CACHE": "/tmp/packages.php",
    "APP_ROUTES_CACHE": "/tmp/routes.php",
    "APP_SERVICES_CACHE": "/tmp/services.php",
    "VIEW_COMPILED_PATH": "/tmp",
    "CACHE_DRIVER": "array",
    "LOG_CHANNEL": "stderr",
    "SESSION_DRIVER": "cookie",
    "DB_CONNECTION": "mysql",
    "DB_HOST": "db4free.net",
    "DB_PORT": "3306",
    "DB_DATABASE": "db_uas_pbo2",
    "DB_USERNAME": "kelompok7",
    "DB_PASSWORD": "kelompok7"
  },
  "outputDirectory": "public"
}
